<keymap version="1" name="Visual Studio (Migrated)" parent="Visual Studio">
  <action id="ActivateFindToolWindow">
    <keyboard-shortcut first-keystroke="alt 3" />
    <keyboard-shortcut first-keystroke="ctrl alt f12" />
    <keyboard-shortcut first-keystroke="ctrl alt u" />
  </action>
  <action id="ActivateInspectionResultsToolWindow">
    <keyboard-shortcut first-keystroke="ctrl alt 4" />
    <keyboard-shortcut first-keystroke="ctrl alt v" />
    <keyboard-shortcut first-keystroke="ctrl alt comma" />
  </action>
  <action id="ActivateStructureToolWindow">
    <keyboard-shortcut first-keystroke="ctrl alt f" />
    <keyboard-shortcut first-keystroke="ctrl f11" />
  </action>
  <action id="ChangeSignature">
    <keyboard-shortcut first-keystroke="ctrl r" second-keystroke="s" />
    <keyboard-shortcut first-keystroke="ctrl r" second-keystroke="ctrl s" />
    <keyboard-shortcut first-keystroke="ctrl r" second-keystroke="ctrl v" />
    <keyboard-shortcut first-keystroke="ctrl r" second-keystroke="ctrl o" />
    <keyboard-shortcut first-keystroke="ctrl f6" />
  </action>
  <action id="ClassNameCompletion">
    <keyboard-shortcut first-keystroke="shift alt space" />
    <keyboard-shortcut first-keystroke="ctrl alt space" />
  </action>
  <action id="CodeCleanup">
    <keyboard-shortcut first-keystroke="ctrl e" second-keystroke="c" />
    <keyboard-shortcut first-keystroke="ctrl e" second-keystroke="ctrl c" />
    <keyboard-shortcut first-keystroke="ctrl k" second-keystroke="ctrl e" />
    <keyboard-shortcut first-keystroke="ctrl alt f" />
  </action>
  <action id="Debug">
    <keyboard-shortcut first-keystroke="alt f5" />
    <keyboard-shortcut first-keystroke="f5" />
  </action>
  <action id="EditorNextWord">
    <keyboard-shortcut first-keystroke="ctrl right" />
    <keyboard-shortcut first-keystroke="right" />
  </action>
  <action id="EditorPreviousWord">
    <keyboard-shortcut first-keystroke="ctrl left" />
    <keyboard-shortcut first-keystroke="left" />
  </action>
  <action id="EditorStartNewLine">
    <keyboard-shortcut first-keystroke="shift enter" />
    <keyboard-shortcut first-keystroke="shift ctrl enter" />
  </action>
  <action id="EnableDaemon">
    <keyboard-shortcut first-keystroke="shift ctrl alt 8" />
  </action>
  <action id="ExtractMethod">
    <keyboard-shortcut first-keystroke="ctrl r" second-keystroke="m" />
    <keyboard-shortcut first-keystroke="ctrl r" second-keystroke="ctrl m" />
    <keyboard-shortcut first-keystroke="ctrl alt m" />
  </action>
  <action id="FileChooser.TogglePathShowing" />
  <action id="FindUsages">
    <keyboard-shortcut first-keystroke="shift f12" />
    <keyboard-shortcut first-keystroke="alt f7" />
  </action>
  <action id="GotoFile">
    <keyboard-shortcut first-keystroke="shift ctrl t" />
    <keyboard-shortcut first-keystroke="shift ctrl n" />
  </action>
  <action id="GotoNextError">
    <keyboard-shortcut first-keystroke="alt page_down" />
    <keyboard-shortcut first-keystroke="f12" />
  </action>
  <action id="GotoPreviousError">
    <keyboard-shortcut first-keystroke="alt page_up" />
    <keyboard-shortcut first-keystroke="shift f12" />
  </action>
  <action id="GotoRelated">
    <keyboard-shortcut first-keystroke="ctrl alt f7" />
    <keyboard-shortcut first-keystroke="shift ctrl alt g" />
  </action>
  <action id="GotoSuperMethod">
    <keyboard-shortcut first-keystroke="alt home" />
    <keyboard-shortcut first-keystroke="ctrl u" />
  </action>
  <action id="GotoSymbol">
    <keyboard-shortcut first-keystroke="shift ctrl alt t" />
    <keyboard-shortcut first-keystroke="shift ctrl alt n" />
  </action>
  <action id="GotoTypeDeclaration">
    <keyboard-shortcut first-keystroke="shift ctrl f11" />
    <mouse-shortcut keystroke="shift control button1" />
    <keyboard-shortcut first-keystroke="ctrl k" second-keystroke="shift ctrl t" />
    <keyboard-shortcut first-keystroke="shift ctrl t" />
  </action>
  <action id="Inline">
    <keyboard-shortcut first-keystroke="ctrl r" second-keystroke="i" />
    <keyboard-shortcut first-keystroke="ctrl r" second-keystroke="ctrl i" />
    <keyboard-shortcut first-keystroke="ctrl alt n" />
  </action>
  <action id="InsertLiveTemplate">
    <keyboard-shortcut first-keystroke="ctrl k" second-keystroke="x" />
    <keyboard-shortcut first-keystroke="ctrl k" second-keystroke="ctrl x" />
    <keyboard-shortcut first-keystroke="ctrl e" second-keystroke="l" />
    <keyboard-shortcut first-keystroke="ctrl e" second-keystroke="ctrl l" />
    <keyboard-shortcut first-keystroke="ctrl j" />
  </action>
  <action id="InspectThis">
    <keyboard-shortcut first-keystroke="shift ctrl alt a" />
  </action>
  <action id="IntroduceField">
    <keyboard-shortcut first-keystroke="ctrl r" second-keystroke="f" />
    <keyboard-shortcut first-keystroke="ctrl r" second-keystroke="ctrl f" />
    <keyboard-shortcut first-keystroke="ctrl alt d" />
  </action>
  <action id="IntroduceParameter">
    <keyboard-shortcut first-keystroke="ctrl r" second-keystroke="p" />
    <keyboard-shortcut first-keystroke="ctrl r" second-keystroke="ctrl p" />
    <keyboard-shortcut first-keystroke="ctrl alt p" />
  </action>
  <action id="IntroduceVariable">
    <keyboard-shortcut first-keystroke="ctrl r" second-keystroke="v" />
    <keyboard-shortcut first-keystroke="ctrl r" second-keystroke="ctrl v" />
    <keyboard-shortcut first-keystroke="ctrl alt v" />
  </action>
  <action id="Move">
    <keyboard-shortcut first-keystroke="ctrl r" second-keystroke="o" />
    <keyboard-shortcut first-keystroke="ctrl r" second-keystroke="ctrl o" />
    <keyboard-shortcut first-keystroke="f6" />
  </action>
  <action id="MoveStatementDown">
    <keyboard-shortcut first-keystroke="shift ctrl alt down" />
    <keyboard-shortcut first-keystroke="shift ctrl alt j" />
  </action>
  <action id="MoveStatementUp">
    <keyboard-shortcut first-keystroke="shift ctrl alt up" />
    <keyboard-shortcut first-keystroke="shift ctrl alt k" />
  </action>
  <action id="NextSplitter">
    <keyboard-shortcut first-keystroke="alt l" />
  </action>
  <action id="NextTab">
    <keyboard-shortcut first-keystroke="alt right" />
    <keyboard-shortcut first-keystroke="ctrl page_down" />
  </action>
  <action id="ParameterInfo.GoToPreviousSignature" />
  <action id="Pause">
    <keyboard-shortcut first-keystroke="ctrl alt cancel" />
    <keyboard-shortcut first-keystroke="ctrl pause" />
  </action>
  <action id="PrevSplitter">
    <keyboard-shortcut first-keystroke="alt h" />
  </action>
  <action id="PreviousTab">
    <keyboard-shortcut first-keystroke="alt left" />
    <keyboard-shortcut first-keystroke="ctrl page_up" />
  </action>
  <action id="Print" />
  <action id="QuickJavaDoc">
    <keyboard-shortcut first-keystroke="ctrl k" second-keystroke="i" />
    <keyboard-shortcut first-keystroke="ctrl k" second-keystroke="ctrl i" />
    <keyboard-shortcut first-keystroke="shift ctrl f1" />
    <keyboard-shortcut first-keystroke="ctrl q" />
  </action>
  <action id="ReSharperSelectContainingDeclaration">
    <keyboard-shortcut first-keystroke="shift ctrl open_bracket" />
  </action>
  <action id="RecentChangedFiles">
    <keyboard-shortcut first-keystroke="shift ctrl comma" />
    <keyboard-shortcut first-keystroke="shift ctrl alt back_space" />
  </action>
  <action id="RecentFiles">
    <keyboard-shortcut first-keystroke="ctrl comma" />
    <keyboard-shortcut first-keystroke="ctrl e" />
  </action>
  <action id="RenameElement">
    <keyboard-shortcut first-keystroke="ctrl r" second-keystroke="r" />
    <keyboard-shortcut first-keystroke="ctrl r" second-keystroke="ctrl r" />
    <keyboard-shortcut first-keystroke="f2" />
    <keyboard-shortcut first-keystroke="shift f6" />
  </action>
  <action id="RiderUnitTestAppendTestsAction">
    <keyboard-shortcut first-keystroke="ctrl t" second-keystroke="a" />
    <keyboard-shortcut first-keystroke="ctrl t" second-keystroke="ctrl a" />
  </action>
  <action id="RiderUnitTestDebugContextAction">
    <keyboard-shortcut first-keystroke="ctrl r" second-keystroke="ctrl a" />
    <keyboard-shortcut first-keystroke="ctrl t" second-keystroke="ctrl d" />
    <keyboard-shortcut first-keystroke="ctrl t" second-keystroke="d" />
  </action>
  <action id="RiderUnitTestDebugContextTwAction">
    <keyboard-shortcut first-keystroke="ctrl r" second-keystroke="ctrl t" />
  </action>
  <action id="RiderUnitTestFocusExplorerAction">
    <keyboard-shortcut first-keystroke="ctrl alt t" />
  </action>
  <action id="RiderUnitTestNewSessionAction">
    <keyboard-shortcut first-keystroke="ctrl t" second-keystroke="ctrl n" />
    <keyboard-shortcut first-keystroke="ctrl t" second-keystroke="n" />
  </action>
  <action id="RiderUnitTestRepeatPreviousRunAction">
    <keyboard-shortcut first-keystroke="ctrl r" second-keystroke="l" />
    <keyboard-shortcut first-keystroke="ctrl t" second-keystroke="ctrl t" />
    <keyboard-shortcut first-keystroke="ctrl t" second-keystroke="t" />
  </action>
  <action id="RiderUnitTestRunContextAction">
    <keyboard-shortcut first-keystroke="ctrl r" second-keystroke="a" />
    <keyboard-shortcut first-keystroke="ctrl t" second-keystroke="ctrl r" />
    <keyboard-shortcut first-keystroke="ctrl t" second-keystroke="r" />
  </action>
  <action id="RiderUnitTestRunContextTwAction">
    <keyboard-shortcut first-keystroke="ctrl r" second-keystroke="t" />
  </action>
  <action id="RiderUnitTestRunCurrentSessionAction">
    <keyboard-shortcut first-keystroke="ctrl t" second-keystroke="ctrl y" />
    <keyboard-shortcut first-keystroke="ctrl t" second-keystroke="y" />
  </action>
  <action id="SearchEverywhere">
    <keyboard-shortcut first-keystroke="ctrl t" />
    <keyboard-shortcut first-keystroke="ctrl n" />
  </action>
  <action id="ShowSettingsAndFindUsages">
    <keyboard-shortcut first-keystroke="shift ctrl alt f12" />
    <keyboard-shortcut first-keystroke="shift alt f7" />
  </action>
  <action id="SilentCodeCleanup">
    <keyboard-shortcut first-keystroke="ctrl e" second-keystroke="f" />
    <keyboard-shortcut first-keystroke="ctrl e" second-keystroke="ctrl f" />
    <keyboard-shortcut first-keystroke="shift ctrl alt f" />
  </action>
  <action id="SmartTypeCompletion">
    <keyboard-shortcut first-keystroke="ctrl alt space" />
    <keyboard-shortcut first-keystroke="shift ctrl space" />
  </action>
  <action id="SurroundWithLiveTemplate">
    <keyboard-shortcut first-keystroke="ctrl e" second-keystroke="u" />
    <keyboard-shortcut first-keystroke="ctrl e" second-keystroke="ctrl u" />
    <keyboard-shortcut first-keystroke="ctrl alt j" />
  </action>
  <action id="TypeHierarchy">
    <keyboard-shortcut first-keystroke="ctrl e" second-keystroke="h" />
    <keyboard-shortcut first-keystroke="ctrl e" second-keystroke="ctrl h" />
    <keyboard-shortcut first-keystroke="ctrl alt h" />
  </action>
  <action id="Unscramble">
    <keyboard-shortcut first-keystroke="ctrl e" second-keystroke="t" />
    <keyboard-shortcut first-keystroke="ctrl e" second-keystroke="ctrl t" />
    <keyboard-shortcut first-keystroke="shift ctrl e" />
  </action>
</keymap>